,role,personal_address,contract_address,add_permissioned_runtime,remove_permissioned_runtime,add_prescription_permissions_runtime,remove_prescription_permissions_runtime,request_fill_runtime,add_permissioned_gas_used,remove_permissioned_gas_used,add_prescription_permissions_gas_used,remove_prescription_permissions_gas_used,request_fill_gas_used,add_permissioned_transactions,remove_permissioned_transactions,add_prescription_permissions_transactions,remove_prescription_permissions_transactions,request_fill_transactions,new_prescription_runtime,refill_prescription_runtime,new_prescription_gas_used,refill_prescription_gas_used,new_prescription_transactions,refill_prescription_transactions,add_prescription_runtime,fill_prescription_runtime,request_refill_runtime,add_prescription_gas_used,fill_prescription_gas_used,request_refill_gas_used,add_prescription_transactions,fill_prescription_transactions,request_refill_transactions
0,patient,0xCe8B4e198c14a7F51fF10a28838Ba5386942d239,0x1b45a0f754a7CC13FB01C0DA4103519244DCc89A,0.049448251724243164,0.0,0.0696408748626709,0.0,0.49583005905151367,44716.0,0.0,53058.0,0.0,289782.0,1.0,0.0,1.0,0.0,9.0,,,,,,,,,,,,,,,
1,patient,0x113742ca30650e5bB3E383b11Ad80f2DE37F1b2e,0x8fda9c6D81598d8aeD78B9a99a1801D97BB80F9d,0.05695986747741699,0.0,0.0670170783996582,0.0,0.5259294509887695,44704.0,0.0,53070.0,0.0,289890.0,1.0,0.0,1.0,0.0,9.0,,,,,,,,,,,,,,,
2,patient,0x7b9afa424e67fa7011F223287362956C61a3a1C1,0x79903B4B12b7C6ccbB83A7F12A884c1aF67e7309,0.05448651313781738,0.0,0.07835626602172852,0.0,0.5468738079071045,44716.0,0.0,53070.0,0.0,289890.0,1.0,0.0,1.0,0.0,9.0,,,,,,,,,,,,,,,
3,patient,0xB224711dD78aed8A3ADbB455D71D44A4A5984273,0x90d68f0Ba83E481C798714cA39929903a342991f,0.04913926124572754,0.0,0.06972384452819824,0.0,0.6170737743377686,44716.0,0.0,53070.0,0.0,257680.0,1.0,0.0,1.0,0.0,8.0,,,,,,,,,,,,,,,
4,patient,0xA4Ba982E7e7E96129Ac7fC3386d96632439F270b,0x2C594ce47FAc991A6f8bff53374490e7c2758AFe,0.05205965042114258,0.0,0.08091425895690918,0.0,0.4994771480560303,44704.0,0.0,53070.0,0.0,289890.0,1.0,0.0,1.0,0.0,9.0,,,,,,,,,,,,,,,
5,patient,0x512cb026D5F40C54e0daB1bbd76aeCdD5A8Da6dA,0xF0B291b07B9462F25e2071287aEc09D37a213b8d,0.052152156829833984,0.0,0.07942628860473633,0.0,0.5743577480316162,44716.0,0.0,53070.0,0.0,289890.0,1.0,0.0,1.0,0.0,9.0,,,,,,,,,,,,,,,
6,patient,0x253147cC6EE9fE0bC42a53c0939D27a1D0A7E8e3,0x34678B64f9C84f7c17Fed18e730fC1CE670bc72e,0.04896235466003418,0.0,0.06938958168029785,0.0,0.5528624057769775,44716.0,0.0,53070.0,0.0,289890.0,1.0,0.0,1.0,0.0,9.0,,,,,,,,,,,,,,,
7,patient,0x88de4F2F461B14B1c779527dE8F97F5E3618Bd81,0x4d664d2e5E7308E9B6D47d8397546e2Cba8327D8,0.05109667778015137,0.0,0.06887078285217285,0.0,0.48694825172424316,44716.0,0.0,53070.0,0.0,289890.0,1.0,0.0,1.0,0.0,9.0,,,,,,,,,,,,,,,
8,patient,0x772eb39EA7aF88514c9f04A365292E6729Ee69FF,0xb8276aB574af19Fe306E67181A3502Be0b8dF667,0.05363655090332031,0.0,0.0724787712097168,0.0,0.5823929309844971,44716.0,0.0,53070.0,0.0,289890.0,1.0,0.0,1.0,0.0,9.0,,,,,,,,,,,,,,,
9,patient,0x72061d5aA73EB1f3fDa6668f85962C208783b738,0xe9251222812618b4f2AD08a431442b4A61f2a47F,0.051290273666381836,0.0,0.07316064834594727,0.0,0.5301876068115234,44716.0,0.0,53058.0,0.0,289890.0,1.0,0.0,1.0,0.0,9.0,,,,,,,,,,,,,,,
10,patient,0x44363Dd0fFe86E90d7621e7C6F3244fA47435Cd1,0xf62759578E13063C784008d4B513ba29114c504c,0.05043601989746094,0.0,0.07197761535644531,0.0,0.5530107021331787,44716.0,0.0,53070.0,0.0,289890.0,1.0,0.0,1.0,0.0,9.0,,,,,,,,,,,,,,,
11,patient,0xC0c5C8aE63825Df044d447320f6dd05Ecf85781F,0x3c4A690BfD47B4a703cd489e4D5917d8b353102b,0.05210471153259277,0.0,0.07139730453491211,0.0,0.5525681972503662,44716.0,0.0,53058.0,0.0,289782.0,1.0,0.0,1.0,0.0,9.0,,,,,,,,,,,,,,,
12,patient,0xAC32fEDF90BB2B219Ad6f7b45Fd858E29c9100C6,0xCbdD85b97675A420B8A87288884FDB0AE294A1Bc,0.05100440979003906,0.0,0.08004117012023926,0.0,0.5031564235687256,44716.0,0.0,53070.0,0.0,289890.0,1.0,0.0,1.0,0.0,9.0,,,,,,,,,,,,,,,
13,patient,0x45c2A30ac786e5cc727cd0749CC254141eE1c93C,0x6fC6b0987c5DF0D8f51Ec8283e5d4419d428aF5A,0.05361795425415039,0.0,0.07339620590209961,0.0,0.5652601718902588,44716.0,0.0,53070.0,0.0,289890.0,1.0,0.0,1.0,0.0,9.0,,,,,,,,,,,,,,,
14,patient,0x9166eE971f3169c0761Cdd3b3e557f40dAA540e0,0xad3E04BC4d8bC0F7515D00b29e154d2F2a87BCEd,0.05301856994628906,0.0,0.0733633041381836,0.0,0.5292692184448242,44716.0,0.0,53046.0,0.0,289782.0,1.0,0.0,1.0,0.0,9.0,,,,,,,,,,,,,,,
15,patient,0x713542b10faE01BEcceaafEd729Ea171F69FF098,0xb42764cCf2C8f4701f90583F81B1eD0323d9afd6,0.04925370216369629,0.0,0.06851983070373535,0.0,0.5664479732513428,44716.0,0.0,53058.0,0.0,289890.0,1.0,0.0,1.0,0.0,9.0,,,,,,,,,,,,,,,
16,patient,0x249E5B79b1402D6A6d50C6bafcC07aa98CD825C0,0x356AC66F64C9CaD8BA38E1bf329269F175f57A5d,0.05334210395812988,0.0,0.07001757621765137,0.0,0.6519289016723633,44716.0,0.0,53070.0,0.0,289890.0,1.0,0.0,1.0,0.0,9.0,,,,,,,,,,,,,,,
17,patient,0x4df16a9460cd0cc1435556f3aE1b98Ae97B45B09,0x3a4DfD8A73a4B1193ad334c16591c6A29a9402fc,0.05159711837768555,0.0,0.06786131858825684,0.0,0.5810089111328125,44716.0,0.0,53070.0,0.0,322100.0,1.0,0.0,1.0,0.0,10.0,,,,,,,,,,,,,,,
18,patient,0x8EB259f7bEEAD81B20e79d0389188598F77DDD8C,0x38478C0ff5b3E43820FC9d2e8CcB51C7226f4CD3,0.050855398178100586,0.0,0.06865072250366211,0.0,0.5458235740661621,44716.0,0.0,53070.0,0.0,322100.0,1.0,0.0,1.0,0.0,10.0,,,,,,,,,,,,,,,
19,patient,0x0E31Ab1682Ba7737C5493449cc4826fA172c70E9,0x199897eB3b993823D08c16a188F7c8a21a4233A4,0.050047874450683594,0.0,0.06687521934509277,0.0,0.5356225967407227,44716.0,0.0,53070.0,0.0,289890.0,1.0,0.0,1.0,0.0,9.0,,,,,,,,,,,,,,,
20,patient,0x170E17986cCc3ae6a7EebE327328F0e7a8b59B70,0x0Dbec70B798C1d8B8fC78540652A7a3c56D5c3Fa,0.05196237564086914,0.0,0.08216500282287598,0.0,0.46616196632385254,44716.0,0.0,53070.0,0.0,257680.0,1.0,0.0,1.0,0.0,8.0,,,,,,,,,,,,,,,
21,patient,0x32BeA6875e06ac877C5D906D35D57D64475f5A00,0x7Cfa3f26b70CbaBaA17D4f7E681F8bB094A62d39,0.05620408058166504,0.0,0.06638121604919434,0.0,0.44565725326538086,44716.0,0.0,53070.0,0.0,257680.0,1.0,0.0,1.0,0.0,8.0,,,,,,,,,,,,,,,
22,patient,0x2C93e079F8D8deb320bCFb2EAC7324438EDa4Ff9,0x6E62e78eF74530d30255Bf88f1D6E96e4aa1cDd2,0.04958081245422363,0.0,0.06712794303894043,0.0,0.5029497146606445,44716.0,0.0,53070.0,0.0,289890.0,1.0,0.0,1.0,0.0,9.0,,,,,,,,,,,,,,,
23,patient,0x014B9773d17aD62cb685bD57BdF24DD80BACc3FC,0xBdaE75AC2066d142Bd528aB5c0Ccd875E53116E1,0.05499625205993652,0.0,0.07046842575073242,0.0,0.5096466541290283,44716.0,0.0,53070.0,0.0,289890.0,1.0,0.0,1.0,0.0,9.0,,,,,,,,,,,,,,,
24,patient,0x2380308b3EB576441da45DaA63457d7d68b85243,0x7B229d929F1c921E4c7e67980c848Cd7487Ed8A5,0.04896879196166992,0.0,0.06722021102905273,0.0,0.49037885665893555,44716.0,0.0,53070.0,0.0,289890.0,1.0,0.0,1.0,0.0,9.0,,,,,,,,,,,,,,,
25,patient,0x273B235705bc444E6dD286000aBFBE3626Dc3Bd1,0x941FD6e8AFE4c46BEC53aeBC60A4799d0226ace6,0.05011129379272461,0.0,0.07393574714660645,0.0,0.503307580947876,44704.0,0.0,53070.0,0.0,289890.0,1.0,0.0,1.0,0.0,9.0,,,,,,,,,,,,,,,
26,patient,0xD1C946C8e8A6E368cA232578C48F291b50eA336f,0x13751979aaD589A4CfB4B0cE869e81025d97B122,0.055085182189941406,0.0,0.06742358207702637,0.0,0.48468637466430664,44716.0,0.0,53058.0,0.0,257584.0,1.0,0.0,1.0,0.0,8.0,,,,,,,,,,,,,,,
27,patient,0x45DA2E7f47a605ea52929c65788b407243e08e8d,0x03f9e07aa5d80eca9febF86755E59a6ab49a7D47,0.04663729667663574,0.0,0.0699312686920166,0.0,0.44307518005371094,44716.0,0.0,53070.0,0.0,257680.0,1.0,0.0,1.0,0.0,8.0,,,,,,,,,,,,,,,
28,patient,0x2343b33cE6ca54Ba9fb7468F483091Bb643Abd9B,0xF687399b538CA0Afdf4736d8AfadD7Af4a0c2df8,0.04979228973388672,0.0,0.07200002670288086,0.0,0.4986107349395752,44716.0,0.0,53070.0,0.0,257680.0,1.0,0.0,1.0,0.0,8.0,,,,,,,,,,,,,,,
29,patient,0xA4E5A022D6786b5Ee324B394Ee90e0abA096f40C,0xc755e3abF9Ee9F75e55ce2F197B091C51C16544a,0.04723620414733887,0.0,0.0656135082244873,0.0,0.5266671180725098,44716.0,0.0,53070.0,0.0,289890.0,1.0,0.0,1.0,0.0,9.0,,,,,,,,,,,,,,,
30,patient,0xFb4f1A1584134E2aDE3FB2F00a5bE91A290E8597,0x0A3518916b661BcF69C9B58D8ff6e5c046bf8c44,0.0571591854095459,0.0,0.06781601905822754,0.0,0.48602843284606934,44716.0,0.0,53070.0,0.0,289890.0,1.0,0.0,1.0,0.0,9.0,,,,,,,,,,,,,,,
31,patient,0xc68348c80D1950418C32E36E88fD2135F8cdf375,0xcbCF9B0A8CCe1915A3431D0D452C66E4E5E98D17,0.04707646369934082,0.0,0.06859540939331055,0.0,0.463559627532959,44716.0,0.0,53058.0,0.0,257584.0,1.0,0.0,1.0,0.0,8.0,,,,,,,,,,,,,,,
32,patient,0x5CC9902e1acC83252eD0B08C4F1E4c9984EAeab4,0xFaDBC460082ed304Ed6C9C26DF96aC379Af62A7D,0.05087089538574219,0.0,0.07254314422607422,0.0,0.516554594039917,44716.0,0.0,53070.0,0.0,289890.0,1.0,0.0,1.0,0.0,9.0,,,,,,,,,,,,,,,
33,patient,0x00bfBE5cb4111087AA51D33e1Db4aeDC2a2Fcb51,0xE4a6C4Aa7c5E0C82034deEd739898E11fFd7A58a,0.049504995346069336,0.0,0.06873297691345215,0.0,0.49234819412231445,44716.0,0.0,53070.0,0.0,289890.0,1.0,0.0,1.0,0.0,9.0,,,,,,,,,,,,,,,
34,patient,0x18A4298F06ed8595877498b283EbaA8554C45512,0x3bBc1CA2AC29d2bb63bB8312f889833cAF7D9B82,0.047804832458496094,0.0,0.06824398040771484,0.0,0.4536774158477783,44716.0,0.0,53070.0,0.0,257680.0,1.0,0.0,1.0,0.0,8.0,,,,,,,,,,,,,,,
35,patient,0x10e3360a1422EB06FD0DdDf88e068B4EC9484eAe,0x4254B83aE8aaAF67f1faeAF64e766A685422c9c8,0.047988176345825195,0.0,0.07258462905883789,0.0,0.5409059524536133,44716.0,0.0,53070.0,0.0,289890.0,1.0,0.0,1.0,0.0,9.0,,,,,,,,,,,,,,,
36,patient,0x30ABc0bF8E78E9b9D822E797f2EbFb8B0D916f7E,0x7BEa4FCf8981b2c9dece6Bf8db5db5b11dE5CBe4,0.04818606376647949,0.0,0.06649184226989746,0.0,0.49489808082580566,44716.0,0.0,53070.0,0.0,289890.0,1.0,0.0,1.0,0.0,9.0,,,,,,,,,,,,,,,
37,patient,0x425BbC208A71949740e686d43bAC4075CfdB2ed6,0xE1b0B13d9c781e0C55f1D6e4636c059B08E542B6,0.05106186866760254,0.0,0.07001423835754395,0.0,0.4828052520751953,44716.0,0.0,53058.0,0.0,257584.0,1.0,0.0,1.0,0.0,8.0,,,,,,,,,,,,,,,
38,patient,0x3a541888486Fd69D3C460Fe5639dF0E80c905334,0x98D89C711236D89d490Bd7F411e244629047c18A,0.04855608940124512,0.0,0.0659322738647461,0.0,0.5320396423339844,44716.0,0.0,53070.0,0.0,289890.0,1.0,0.0,1.0,0.0,9.0,,,,,,,,,,,,,,,
39,patient,0x6890a014362dC0a23e5439aba6C7473628eD7284,0xeD8EDabca62E9EF6ad081BDd2f4eaB94433D2065,0.05109143257141113,0.0,0.07967710494995117,0.0,0.5357677936553955,44716.0,0.0,53070.0,0.0,289890.0,1.0,0.0,1.0,0.0,9.0,,,,,,,,,,,,,,,
40,patient,0xC3b8240Bb6CdbA1d65BCCbbB48Ac1a153c342551,0xD27cc8405A71e6C65f7DA416ec061bcA8C94bCef,0.04914069175720215,0.0,0.07573080062866211,0.0,0.5192279815673828,44716.0,0.0,53070.0,0.0,289890.0,1.0,0.0,1.0,0.0,9.0,,,,,,,,,,,,,,,
41,patient,0xA5C46a297F90347d6F7A4D9a92BCFEcCdb580eA4,0x38439Ea4059bd7a5d7c97AFEA6bE74335393821e,0.04804396629333496,0.0,0.06975054740905762,0.0,0.44545602798461914,44716.0,0.0,53070.0,0.0,257680.0,1.0,0.0,1.0,0.0,8.0,,,,,,,,,,,,,,,
42,patient,0xaF16403b2107d0FC668651c3a7843A60B08Ea892,0x9B6c855FA5970AAB379cB3892A00001849FB2238,0.048743247985839844,0.0,0.0687410831451416,0.0,0.5250208377838135,44716.0,0.0,53070.0,0.0,289890.0,1.0,0.0,1.0,0.0,9.0,,,,,,,,,,,,,,,
43,patient,0x0c5aD952BD24C47E8483d2EF7ac04E3b1E3cd23D,0xB39A60502EbAe4D57Fb2D1e6e4846561cD112e09,0.05411195755004883,0.0,0.0674130916595459,0.0,0.6116902828216553,44716.0,0.0,53070.0,0.0,322100.0,1.0,0.0,1.0,0.0,10.0,,,,,,,,,,,,,,,
44,patient,0xdbEBB37991375E6490B20F5Bea1a762b340AEcD6,0xD956688CCb5eaD30e595E985E90a48B14C8bF78e,0.050139427185058594,0.0,0.06822609901428223,0.0,0.4914875030517578,44716.0,0.0,53070.0,0.0,257680.0,1.0,0.0,1.0,0.0,8.0,,,,,,,,,,,,,,,
45,patient,0x577eC71ac8139aB2B43dBC2764Edb7d834560A3f,0xad96FD12e84699145bDb247b975B5E13A70D68fc,0.05025029182434082,0.0,0.07355999946594238,0.0,0.5398190021514893,44716.0,0.0,53070.0,0.0,289890.0,1.0,0.0,1.0,0.0,9.0,,,,,,,,,,,,,,,
46,patient,0x02f2022F030112Ca6b28B5f3279a0248B79b1383,0x7b0C5D75e4128FB4F03548e45c5060da242427c9,0.04769110679626465,0.0,0.06960034370422363,0.0,0.5628993511199951,44716.0,0.0,53058.0,0.0,322100.0,1.0,0.0,1.0,0.0,10.0,,,,,,,,,,,,,,,
47,patient,0xD585c4dcAEc6a1c46b87b55fD48106B8D56DEb27,0x4AD48F1F11662AA8Eeb6F5D42fdf06f8b716d727,0.04995083808898926,0.0,0.070770263671875,0.0,0.5164520740509033,44716.0,0.0,53070.0,0.0,289890.0,1.0,0.0,1.0,0.0,9.0,,,,,,,,,,,,,,,
48,patient,0x9FDbb9886cFaC8e201751C863FF79dC1299b034a,0xFDD35B456455Dfc168C1EdcaF5dD29CC25d4caE2,0.05044889450073242,0.0,0.07129406929016113,0.0,0.459822416305542,44716.0,0.0,53070.0,0.0,257680.0,1.0,0.0,1.0,0.0,8.0,,,,,,,,,,,,,,,
49,patient,0x71A9bceE9C5D105a955F6c8EDF4D8eC00Df95C17,0x33A513d4cc564523A093cbcd19910f21D47732f5,0.04958510398864746,0.0,0.06576108932495117,0.0,0.5007777214050293,44716.0,0.0,53070.0,0.0,289890.0,1.0,0.0,1.0,0.0,9.0,,,,,,,,,,,,,,,
50,patient,0x12f8dF556B43C1492e4Ac57AaABd0215f8Eaa0e5,0x4480A48733113a7d79DE25C56Cd1e30A339D1CA1,0.051261186599731445,0.0,0.06859254837036133,0.0,0.5190248489379883,44716.0,0.0,53070.0,0.0,289890.0,1.0,0.0,1.0,0.0,9.0,,,,,,,,,,,,,,,
51,patient,0xa8443a0Db46Bf4D33278432E085BfB98109092DA,0x9b961EE39Cbd7e7Fc25ABAB5f8a90f29685B5e79,0.04689145088195801,0.0,0.06817197799682617,0.0,0.5602469444274902,44716.0,0.0,53070.0,0.0,322100.0,1.0,0.0,1.0,0.0,10.0,,,,,,,,,,,,,,,
52,patient,0xF1e19AFAb32aFd2146Eb64B46d8433C06E0b70aD,0x403093373e35D8A88D66EF7E99993da3d77f2E58,0.07211828231811523,0.0,0.06551909446716309,0.0,0.5275726318359375,44716.0,0.0,53070.0,0.0,289890.0,1.0,0.0,1.0,0.0,9.0,,,,,,,,,,,,,,,
53,patient,0xF21AB5B0026724F50EAC7Dea47e68DEbCC20c2FD,0x49Be1002aE7449f5D03b35983F6f90eE7c925F2e,0.04885506629943848,0.0,0.06597232818603516,0.0,0.444622278213501,44716.0,0.0,53070.0,0.0,257680.0,1.0,0.0,1.0,0.0,8.0,,,,,,,,,,,,,,,
54,patient,0x23e78FEe60fdc179fE4415DA92DAF7F9BC307163,0xB78b90f703E45E49D104D176aD31cD2E4bD9F9BC,0.04660534858703613,0.0,0.06862640380859375,0.0,0.4491276741027832,44716.0,0.0,53070.0,0.0,257680.0,1.0,0.0,1.0,0.0,8.0,,,,,,,,,,,,,,,
55,patient,0xCB1Be205c169B59EA469244a6f1DBC9C81b7b2fA,0x3296a2ce713a4233fCdDb00bEAF225A9B14b8Dd8,0.04850935935974121,0.0,0.06678104400634766,0.0,0.5531141757965088,44716.0,0.0,53070.0,0.0,289890.0,1.0,0.0,1.0,0.0,9.0,,,,,,,,,,,,,,,
56,patient,0xCA7AAeDC3b42fCb44C2953e4e17F24214dF91FaE,0xff663C1a6644E2b6e9ea401E3b1E3cba08cf3D65,0.04980134963989258,0.0,0.06569266319274902,0.0,0.5011422634124756,44716.0,0.0,53070.0,0.0,289890.0,1.0,0.0,1.0,0.0,9.0,,,,,,,,,,,,,,,
57,patient,0xa4de3Fcae84f8A3b21d08E2eA58F5D3667f65B12,0xb15e7aD7c63f87b3Aa127F43346A96F47de8d62C,0.0476534366607666,0.0,0.06967711448669434,0.0,0.5230545997619629,44716.0,0.0,53070.0,0.0,289890.0,1.0,0.0,1.0,0.0,9.0,,,,,,,,,,,,,,,
58,patient,0x2Fb3303fCF3e8DFa05B692f49957b56Bc8134144,0xdba1b2cf5D38f710004286A8bE8BCaf9AB598bB2,0.050673484802246094,0.0,0.06692719459533691,0.0,0.4580044746398926,44704.0,0.0,53070.0,0.0,257680.0,1.0,0.0,1.0,0.0,8.0,,,,,,,,,,,,,,,
59,patient,0x3a7e4239288f53210369848ebdd3dF3197E93AD1,0x61162d2CD5eE8eAa43Fd1568CAc93Ff242aE38D4,0.050873756408691406,0.0,0.06710195541381836,0.0,0.54012131690979,44716.0,0.0,53070.0,0.0,289890.0,1.0,0.0,1.0,0.0,9.0,,,,,,,,,,,,,,,
60,patient,0xa782D61B68c31C626B62053df0968c8CCfc145bC,0xcf445Af76A3536Ad8a03cAF270A48a04B60b42F5,0.05115008354187012,0.0,0.08876967430114746,0.0,0.5385231971740723,44716.0,0.0,53070.0,0.0,322100.0,1.0,0.0,1.0,0.0,10.0,,,,,,,,,,,,,,,
61,patient,0x31E80BB8C8B62c887d23c9E1baF3D690C68b18e5,0xD97c483a45eDC22BFa23F6f241E498E078b8662A,0.080718994140625,0.0,0.06955289840698242,0.0,0.543360710144043,44716.0,0.0,53070.0,0.0,289890.0,1.0,0.0,1.0,0.0,9.0,,,,,,,,,,,,,,,
62,patient,0xe2885111904638983015Ea7948eF178A063aEC97,0x28f31beC12d4fE07fAAcAD5325aA94b3bCCCc1E7,0.046999216079711914,0.0,0.06771540641784668,0.0,0.5074260234832764,44716.0,0.0,53070.0,0.0,289890.0,1.0,0.0,1.0,0.0,9.0,,,,,,,,,,,,,,,
63,patient,0xd76490baF7e2461F748D52B3F3d94106e318354b,0x75F9789225AfdcE04F22CB24e568cE67d712A772,0.0799710750579834,0.0,0.0816349983215332,0.0,0.5194156169891357,44716.0,0.0,53070.0,0.0,289890.0,1.0,0.0,1.0,0.0,9.0,,,,,,,,,,,,,,,
64,patient,0x933494552f77DDc823bb9bFc272476Ee0d235B45,0xc69C2425EE8cB42866c818C4e24cfD0eC6c2e0C1,0.04930853843688965,0.0,0.06756329536437988,0.0,0.5698645114898682,44716.0,0.0,53070.0,0.0,289890.0,1.0,0.0,1.0,0.0,9.0,,,,,,,,,,,,,,,
65,patient,0x889D6dB4b131Fa3177Ed137D8F58f56784e3DA49,0x82E569819A1742B7c438731947C38c9d8c200830,0.0804443359375,0.0,0.07002687454223633,0.0,0.5252542495727539,44716.0,0.0,53070.0,0.0,289890.0,1.0,0.0,1.0,0.0,9.0,,,,,,,,,,,,,,,
66,patient,0x67daF93231424dfde72788F23E18F920481c556e,0x0215E259f62535Fc167de89f82276D3140303bab,0.06837964057922363,0.0,0.06715130805969238,0.0,0.5113217830657959,44716.0,0.0,53070.0,0.0,289890.0,1.0,0.0,1.0,0.0,9.0,,,,,,,,,,,,,,,
67,patient,0x56720EE4Be172ad1fF74405f7bc1eA7Bc5670321,0x4B66454a443951A553fA1CAc95a079D4a662c0d2,0.047464609146118164,0.0,0.07147026062011719,0.0,0.5393307209014893,44716.0,0.0,53070.0,0.0,257680.0,1.0,0.0,1.0,0.0,8.0,,,,,,,,,,,,,,,
68,patient,0x0160c2459347A2345b656987ac211C4355323cD4,0x3c942D3eCB655587E1FeFa9594487504e26e67bD,0.050096988677978516,0.0,0.07187414169311523,0.0,0.5831365585327148,44716.0,0.0,53070.0,0.0,322100.0,1.0,0.0,1.0,0.0,10.0,,,,,,,,,,,,,,,
69,patient,0x4435D10f502DDAc4511B6a93FA924989a6Aa2c7e,0xC2d3697Db7084506D19746Daf17ccF3028010B05,0.04922628402709961,0.0,0.06648898124694824,0.0,0.49997925758361816,44716.0,0.0,53070.0,0.0,289890.0,1.0,0.0,1.0,0.0,9.0,,,,,,,,,,,,,,,
70,patient,0xcf26338DAd0514d5DC6E8E1885038D861fb4adCE,0xB7f42A6A0ac4b1ba4B2D4D308291D1f2e9AA7261,0.05641055107116699,0.0,0.07246208190917969,0.0,0.46363258361816406,44716.0,0.0,53070.0,0.0,257680.0,1.0,0.0,1.0,0.0,8.0,,,,,,,,,,,,,,,
71,patient,0x2DFbAf110e1c882c3764F494c6e1ED78Ad900a0E,0xB678F599C1941df6fbf11Bd8f7239AE724bbeF6a,0.04844307899475098,0.0,0.07027769088745117,0.0,0.5377357006072998,44716.0,0.0,53070.0,0.0,289890.0,1.0,0.0,1.0,0.0,9.0,,,,,,,,,,,,,,,
72,patient,0x4059Bb29cC96A1DDBE6c71E753830714609A116d,0x4C8EcB48072dfCd8bCb3784165dE866b0cFa05B0,0.05224442481994629,0.0,0.07402539253234863,0.0,0.49186086654663086,44716.0,0.0,53070.0,0.0,289890.0,1.0,0.0,1.0,0.0,9.0,,,,,,,,,,,,,,,
73,patient,0xcCf4d580a6535069C3043294410817da85B258E0,0x062b57d477b2C35c9fB264A95B8DdB97127f3A5C,0.04989171028137207,0.0,0.06520342826843262,0.0,0.447096586227417,44716.0,0.0,53070.0,0.0,257680.0,1.0,0.0,1.0,0.0,8.0,,,,,,,,,,,,,,,
74,patient,0x1c9063edF49fd48a33bc416Cd823A4CfefbBdad1,0x8B15641c0DFeC7ecA3e6776C09cD109D1F47126f,0.0539395809173584,0.0,0.07262897491455078,0.0,0.4672703742980957,44716.0,0.0,53070.0,0.0,257680.0,1.0,0.0,1.0,0.0,8.0,,,,,,,,,,,,,,,
75,patient,0x6f01B20c4a9b98F404C88e906DbB2A2323a5556e,0xeA0eC2ADF2B770a1c100060ff11d131888Ee82C8,0.04904890060424805,0.0,0.06919717788696289,0.0,0.44868922233581543,44716.0,0.0,53058.0,0.0,257680.0,1.0,0.0,1.0,0.0,8.0,,,,,,,,,,,,,,,
76,patient,0xD694A479A5585eF752272C386f82C83C73bA96Bf,0x13128fD1Da078B3b6225399bC8E45bef66066BB8,0.052150726318359375,0.0,0.06594109535217285,0.0,0.5164127349853516,44716.0,0.0,53070.0,0.0,289890.0,1.0,0.0,1.0,0.0,9.0,,,,,,,,,,,,,,,
77,patient,0xf99DD61Eb2D7069405E55Ef2f40a79993e1E8C37,0xf3e59F620cb1F47998Dce29554b1f611ec4af3f5,0.05010175704956055,0.0,0.0745856761932373,0.0,0.4300072193145752,44716.0,0.0,53070.0,0.0,257680.0,1.0,0.0,1.0,0.0,8.0,,,,,,,,,,,,,,,
78,patient,0x26EdB42e10Bb2478b9f347548eA0a764Aa19c54E,0x86c3B968A94C8133207dec9889bA406E71a8F1a1,0.0740513801574707,0.0,0.06963825225830078,0.0,0.48755860328674316,44716.0,0.0,53070.0,0.0,289890.0,1.0,0.0,1.0,0.0,9.0,,,,,,,,,,,,,,,
79,patient,0xa39547C1397c4b0ae08Fe5a5791647CAE456280B,0x39017665179aC971CE1c29f1D5797657086a9Ab2,0.050786733627319336,0.0,0.07083439826965332,0.0,0.5666213035583496,44716.0,0.0,53058.0,0.0,321980.0,1.0,0.0,1.0,0.0,10.0,,,,,,,,,,,,,,,
80,patient,0x48e709E5D80868ef825b35Ca9808A9fb101e96Ff,0x743daeFF106B667d0EC08e4bFb78D29F240d911C,0.05239391326904297,0.0,0.07238459587097168,0.0,0.5649094581604004,44716.0,0.0,53070.0,0.0,289890.0,1.0,0.0,1.0,0.0,9.0,,,,,,,,,,,,,,,
81,patient,0x48a689374e5dEFBD64803b8a80b50B343328AD89,0xd5C3F6a827999AAEE033f2cc59a61BD248cDAa53,0.048009634017944336,0.0,0.07463359832763672,0.0,0.515573263168335,44716.0,0.0,53070.0,0.0,289890.0,1.0,0.0,1.0,0.0,9.0,,,,,,,,,,,,,,,
82,patient,0xFB6Bc4581d734d81B54e5BAAF8C1687e1ec47C08,0x04251Dcdc1f057F7AfC451e95cf15df552C9754A,0.0483393669128418,0.0,0.06973791122436523,0.0,0.4922943115234375,44716.0,0.0,53070.0,0.0,289890.0,1.0,0.0,1.0,0.0,9.0,,,,,,,,,,,,,,,
83,patient,0x6CbFEaB70Cd137648CFdaf7E80815C958B298E7e,0xAD9FD9ABb26e22E4eEb4b9b6f59daF7F2A296763,0.049843788146972656,0.0,0.06793618202209473,0.0,0.4456181526184082,44716.0,0.0,53070.0,0.0,257680.0,1.0,0.0,1.0,0.0,8.0,,,,,,,,,,,,,,,
84,patient,0x6a3682b73db422d41dE9bb566E362520f022E672,0x0c9d96dfA42c1BfA8339deB55F9B7608304Ed07e,0.04741358757019043,0.0,0.09383964538574219,0.0,0.5040149688720703,44716.0,0.0,53070.0,0.0,289890.0,1.0,0.0,1.0,0.0,9.0,,,,,,,,,,,,,,,
85,patient,0xA97137D313B6bf7eC669AE57eCD3bf9856cDB285,0x137b6860f0EDA6Dc047C736686d7B7be8A9f50C2,0.05607175827026367,0.0,0.07240462303161621,0.0,0.5739035606384277,44716.0,0.0,53070.0,0.0,322100.0,1.0,0.0,1.0,0.0,10.0,,,,,,,,,,,,,,,
86,patient,0xfc5Aa4D41353105B6446C48c93f694378Bc7D559,0x03a62151ca2483B81a8E55B5832E7e544Df27b4A,0.048174142837524414,0.0,0.06752514839172363,0.0,0.5336630344390869,44716.0,0.0,53070.0,0.0,289890.0,1.0,0.0,1.0,0.0,9.0,,,,,,,,,,,,,,,
87,patient,0x20eb375D3A578320922E4aAfE871A79d2D3cA459,0x46f2cC9876500F89d20fe3bE958C315e415a5E50,0.051540374755859375,0.0,0.06856560707092285,0.0,0.5832409858703613,44716.0,0.0,53070.0,0.0,289890.0,1.0,0.0,1.0,0.0,9.0,,,,,,,,,,,,,,,
88,patient,0x207B868803292f21Cd3c40AbA631C9FDC9AF42A7,0x37978bEEd1EB4e3b5aAF0F80Af17a137AFa26CB9,0.04966378211975098,0.0,0.0710289478302002,0.0,0.5046985149383545,44716.0,0.0,53070.0,0.0,289890.0,1.0,0.0,1.0,0.0,9.0,,,,,,,,,,,,,,,
89,patient,0x2c53971d5177cc69Be1E13A20fE8befDD9BCD0Cc,0x77F1CF713e83103623889AA63092bA796C956256,0.04907631874084473,0.0,0.0699152946472168,0.0,0.5097057819366455,44716.0,0.0,53070.0,0.0,289890.0,1.0,0.0,1.0,0.0,9.0,,,,,,,,,,,,,,,
90,patient,0x2B334Ba3e32555618518F1BdaE9B5B21496361DE,0x7862f93161a629E9aa00d1ee9E546e938f550731,0.049417972564697266,0.0,0.07326149940490723,0.0,0.5481109619140625,44716.0,0.0,53070.0,0.0,289890.0,1.0,0.0,1.0,0.0,9.0,,,,,,,,,,,,,,,
91,patient,0x166BE86c5FB5B99f0F0ea35b9D626D356c49A2E5,0x689A46e1DbfCb59C2C81FFA023e596D386D649f8,0.04671216011047363,0.0,0.07126522064208984,0.0,0.5173656940460205,44716.0,0.0,53070.0,0.0,289890.0,1.0,0.0,1.0,0.0,9.0,,,,,,,,,,,,,,,
92,patient,0xA54fF83c0bf708598710d4A658e8f1506EB21C7c,0x41bb9100F82A257648585513BDC1bD4D91Ae593f,0.05176949501037598,0.0,0.06934237480163574,0.0,0.5761914253234863,44716.0,0.0,53070.0,0.0,289890.0,1.0,0.0,1.0,0.0,9.0,,,,,,,,,,,,,,,
93,patient,0x9DC00f477213D8C9162113d11b71Ef67e4B54762,0xd3dcd197336100857002cDA32FCcB85789386D94,0.05130577087402344,0.0,0.06850624084472656,0.0,0.6245057582855225,44716.0,0.0,53070.0,0.0,289890.0,1.0,0.0,1.0,0.0,9.0,,,,,,,,,,,,,,,
94,patient,0xC89C1412BB2dcF1AaFBaE9a3BF0476E9f626D522,0x737ab498E9350df3bdDDaEEd1729540bD6685228,0.05008697509765625,0.0,0.06694316864013672,0.0,0.5787947177886963,44716.0,0.0,53070.0,0.0,289890.0,1.0,0.0,1.0,0.0,9.0,,,,,,,,,,,,,,,
95,patient,0x0e8fa11566A12d71457F615D951Fa5df6Ce54f09,0x4d73263aB229B8B8BEc625AbeBFEfcabEED7a2F6,0.04848051071166992,0.0,0.06640362739562988,0.0,0.5466680526733398,44716.0,0.0,53070.0,0.0,289890.0,1.0,0.0,1.0,0.0,9.0,,,,,,,,,,,,,,,
96,patient,0x92CFa88A9Dc91c60CD93B3520a0bd2F754DEb99e,0x9D19E07a94C4e8fc3AdA9a127c773dfF93BAeceA,0.0535120964050293,0.0,0.0694589614868164,0.0,0.4592137336730957,44716.0,0.0,53070.0,0.0,257680.0,1.0,0.0,1.0,0.0,8.0,,,,,,,,,,,,,,,
97,patient,0x5640F3B390417C02Cba548E90DDcbBF69d53e99A,0x57eF1e67d45F1BA6988D708bC4D993f2Bd719e6f,0.050324201583862305,0.0,0.0693366527557373,0.0,0.43906474113464355,44716.0,0.0,53070.0,0.0,257680.0,1.0,0.0,1.0,0.0,8.0,,,,,,,,,,,,,,,
98,patient,0x515B4b5f6ba6bE9a40533cD396c5A6477313867F,0x3E800b25E84aB7b7deD6e57fa3800003cA7Fcfd1,0.049546003341674805,0.0,0.06822943687438965,0.0,0.498485803604126,44716.0,0.0,53070.0,0.0,289890.0,1.0,0.0,1.0,0.0,9.0,,,,,,,,,,,,,,,
99,patient,0xc029146a5c90441f513Ad59F6C06AAc16c5C0AF0,0x797Bd319552E8D8E296830E834D94E6E22afD5ce,0.04878592491149902,0.0,0.06601643562316895,0.0,0.49100422859191895,44716.0,0.0,53058.0,0.0,289782.0,1.0,0.0,1.0,0.0,9.0,,,,,,,,,,,,,,,
100,patient,0x099c19D2e73CC48a3c05A7DFa9edA2377c5B2544,0xC97b0A520D7419BBBE55cdcA8bAc117e41F681bE,0.07569050788879395,0.0,0.06830191612243652,0.0,0.5101222991943359,44716.0,0.0,53070.0,0.0,257680.0,1.0,0.0,1.0,0.0,8.0,,,,,,,,,,,,,,,
101,patient,0xBCd1a662a27B5c4fA7130b4e24Da99fa463d6aD4,0x0374d6E1275EBF48E31309C4feAeBaa7761E6d04,0.04965686798095703,0.0,0.07230591773986816,0.0,0.44003772735595703,44716.0,0.0,53070.0,0.0,257680.0,1.0,0.0,1.0,0.0,8.0,,,,,,,,,,,,,,,
102,patient,0x4e30dA013BEB1c1d3F52c994385f5Cf5CfeF3f7B,0x86a2a21B85E6E9eB34e1C465f47303CE17edDB39,0.048528194427490234,0.0,0.06845355033874512,0.0,0.5258026123046875,44716.0,0.0,53070.0,0.0,289890.0,1.0,0.0,1.0,0.0,9.0,,,,,,,,,,,,,,,
103,patient,0xC88b50CE6E3FA69dd9090bB3b78ADBEa435A3F07,0x2B1aCd222465768A9f34C4BF8bd9470a421b47E5,0.04771757125854492,0.0,0.06698179244995117,0.0,0.5007350444793701,44704.0,0.0,53046.0,0.0,257488.0,1.0,0.0,1.0,0.0,8.0,,,,,,,,,,,,,,,
104,patient,0x2f50314714272aF2e9801D57D050b7dcDfEc5A99,0x4537E0A6636684cd2eF03acC2De54fc145F40D2b,0.06565093994140625,0.0,0.06890606880187988,0.0,0.5374774932861328,44716.0,0.0,53070.0,0.0,289890.0,1.0,0.0,1.0,0.0,9.0,,,,,,,,,,,,,,,
105,patient,0x5Fd917f523aC024310C75b224059780AdE6f5458,0xb5302dAffa34e74D11f86012D504078738347b8f,0.04931235313415527,0.0,0.06983661651611328,0.0,0.5436146259307861,44716.0,0.0,53070.0,0.0,289890.0,1.0,0.0,1.0,0.0,9.0,,,,,,,,,,,,,,,
106,patient,0x051e8225307d8712fF5407996F567b2681c0522b,0x444e2CA65f902a1606F74898c3135274db4368C5,0.04861259460449219,0.0,0.07366394996643066,0.0,0.5839948654174805,44716.0,0.0,53070.0,0.0,289890.0,1.0,0.0,1.0,0.0,9.0,,,,,,,,,,,,,,,
107,patient,0xDD8bD431938c7BEbc2f9233a3cb750427e3eD813,0xcA5D8d564167137ab949789ECd8FcA60Ef93A8Cb,0.049538373947143555,0.0,0.07780027389526367,0.0,0.512056827545166,44716.0,0.0,53070.0,0.0,289890.0,1.0,0.0,1.0,0.0,9.0,,,,,,,,,,,,,,,
108,patient,0xD4058c0f8cd90F947d7D777b9a9794f1A81575F4,0x7AC9E1b2027c4dED594cD6918e59Fc3DBB90FB8C,0.05526852607727051,0.0,0.07223844528198242,0.0,0.5524907112121582,44704.0,0.0,53070.0,0.0,289890.0,1.0,0.0,1.0,0.0,9.0,,,,,,,,,,,,,,,
109,patient,0x14a95c51eb35aF68CCD8aa93E61e8bfe36826632,0xA0898d2d6f7E95A9907C4cc038DB32514B5C39a6,0.048748016357421875,0.0,0.0677804946899414,0.0,0.5962152481079102,44716.0,0.0,53070.0,0.0,322100.0,1.0,0.0,1.0,0.0,10.0,,,,,,,,,,,,,,,
110,patient,0x900127CA7A6e49f05CEDC262B60D04611310edE5,0xfeC3A86437115E198474b85bb9A552BD5556F752,0.05467987060546875,0.0,0.0685734748840332,0.0,0.490067720413208,44716.0,0.0,53070.0,0.0,289890.0,1.0,0.0,1.0,0.0,9.0,,,,,,,,,,,,,,,
111,patient,0xcBdE0E1C14A99a392978f085D0475a68433FA1f0,0x12Fc585A82783AeD88278081235f8Bd9EffA9796,0.04963874816894531,0.0,0.06697225570678711,0.0,0.4965684413909912,44716.0,0.0,53070.0,0.0,289890.0,1.0,0.0,1.0,0.0,9.0,,,,,,,,,,,,,,,
112,patient,0xCaA968Cb1525AdA62aC42AF8a1e2eA013d41872e,0xdDC99bd6AA2CF3d9564676C7e470cD304F934496,0.04662680625915527,0.0,0.09475421905517578,0.0,0.5029523372650146,44716.0,0.0,53058.0,0.0,289782.0,1.0,0.0,1.0,0.0,9.0,,,,,,,,,,,,,,,
113,patient,0xE1BeFEf08f13CE771705cC41Daefe42e0fbd7f19,0xfaCE1BD7a66185eDA36a17f937430b27105796D3,0.049048423767089844,0.0,0.0683896541595459,0.0,0.5114469528198242,44716.0,0.0,53070.0,0.0,289890.0,1.0,0.0,1.0,0.0,9.0,,,,,,,,,,,,,,,
114,patient,0xB708Ad182A68873523BaB352b62Fb7aD3BEF51B6,0x80d9Ea747053E0Bf3c64AeEbC1C8785998D58c74,0.04982280731201172,0.0,0.06615948677062988,0.0,0.5849220752716064,44716.0,0.0,53070.0,0.0,289890.0,1.0,0.0,1.0,0.0,9.0,,,,,,,,,,,,,,,
115,patient,0x5B8e7D26e788382EAD54fB22D30a8009313cC6C4,0x5d488c32D7Edff6BCAce75C4D2C6a00850A0E1F5,0.0503842830657959,0.0,0.09542512893676758,0.0,0.5022552013397217,44716.0,0.0,53070.0,0.0,289890.0,1.0,0.0,1.0,0.0,9.0,,,,,,,,,,,,,,,
116,patient,0xb8B88600f3bE493f2e7D26CC1EaEf812AFEAFA7F,0x32720C1a57768946F4588C86928F15D349a49C03,0.05514335632324219,0.0,0.06740307807922363,0.0,0.5259735584259033,44704.0,0.0,53070.0,0.0,289890.0,1.0,0.0,1.0,0.0,9.0,,,,,,,,,,,,,,,
117,patient,0x20fA1f83BFb2590ED1F78DE4AA16cdBA0551b7a9,0xE9d550C49118F755AF0836f93c8A7885A88cF4a6,0.048003435134887695,0.0,0.06993317604064941,0.0,0.5996077060699463,44716.0,0.0,53070.0,0.0,322100.0,1.0,0.0,1.0,0.0,10.0,,,,,,,,,,,,,,,
118,patient,0x0240434625C0607690a9a9C7E76bF0DB11C64790,0x18e8ab06F10BAc47B0d4758ff963dacE42e32B06,0.04866147041320801,0.0,0.06786942481994629,0.0,0.4721043109893799,44716.0,0.0,53070.0,0.0,257680.0,1.0,0.0,1.0,0.0,8.0,,,,,,,,,,,,,,,
119,patient,0x1aef2a4D8eBf717e4f31ccD4a1C9F4b94256ceFD,0xcDB8967b2fD5EE85A7d7ca549B553103E7FCd218,0.053862810134887695,0.0,0.06738519668579102,0.0,0.529177188873291,44716.0,0.0,53058.0,0.0,289782.0,1.0,0.0,1.0,0.0,9.0,,,,,,,,,,,,,,,
120,patient,0x340f38Ef055747C4D924b0Ad6424070805f89bE4,0x08244d98CAbBd1AC9968014260A0fcC666395FA1,0.04970717430114746,0.0,0.08420300483703613,0.0,0.5010709762573242,44716.0,0.0,53070.0,0.0,289890.0,1.0,0.0,1.0,0.0,9.0,,,,,,,,,,,,,,,
121,patient,0x0EFAe680Adb49152B11Bc1A68a5163554C8D143c,0xbd83a3819c427Bac06C8EE5B3d1AA88BEF3A5FFd,0.049845218658447266,0.0,0.0667877197265625,0.0,0.5435152053833008,44716.0,0.0,53070.0,0.0,322100.0,1.0,0.0,1.0,0.0,10.0,,,,,,,,,,,,,,,
122,patient,0xc814606209262343c8274e33d79B20530198D443,0x88E7A60511591D0293BA18E22D4B9D79Dbf20dbC,0.04773354530334473,0.0,0.07058548927307129,0.0,0.502561092376709,44716.0,0.0,53070.0,0.0,289890.0,1.0,0.0,1.0,0.0,9.0,,,,,,,,,,,,,,,
123,patient,0x010b0A2BdFfaF84Cc290070E338AE6BA37112183,0x369B9757f7BF468136C628d9B51215483597008c,0.04918193817138672,0.0,0.06676244735717773,0.0,0.5620296001434326,44716.0,0.0,53070.0,0.0,322100.0,1.0,0.0,1.0,0.0,10.0,,,,,,,,,,,,,,,
124,patient,0x7405feEC2B3dC091FdAf35C8BA15E7EC5aC20984,0x96c24Fc9cBD1F56C0e37b8574F15177AEB74EDd5,0.051720380783081055,0.0,0.0687403678894043,0.0,0.5276341438293457,44716.0,0.0,53070.0,0.0,289890.0,1.0,0.0,1.0,0.0,9.0,,,,,,,,,,,,,,,
125,patient,0x7ba6727aCA8aa0ff977c9f03FE7149ae9a9320bC,0x53864C11e62ADC5f39b87D42E11e916b74490315,0.04877805709838867,0.0,0.07245898246765137,0.0,0.5045359134674072,44704.0,0.0,53070.0,0.0,289890.0,1.0,0.0,1.0,0.0,9.0,,,,,,,,,,,,,,,
126,patient,0x7Eb748DA064D730e4Dac85C054C27adbAed51142,0xBC6888187d5A8dF4D204349Ed041894b26551e72,0.05107593536376953,0.0,0.0687248706817627,0.0,0.507152795791626,44716.0,0.0,53070.0,0.0,289890.0,1.0,0.0,1.0,0.0,9.0,,,,,,,,,,,,,,,
127,patient,0xb558ea191D0cFf4Bc38746Dba598644C3f51e4B7,0x9199acb408b7DC2152Eeb8E01555923F1dd46618,0.04774165153503418,0.0,0.06517338752746582,0.0,0.43689894676208496,44716.0,0.0,53070.0,0.0,257680.0,1.0,0.0,1.0,0.0,8.0,,,,,,,,,,,,,,,
128,patient,0xEafA764EEb838E0939749e5b376409aa20b53e87,0x59525270Ee2640FF713BC444A04826878209b662,0.048755645751953125,0.0,0.06827902793884277,0.0,0.4755887985229492,44716.0,0.0,53058.0,0.0,257584.0,1.0,0.0,1.0,0.0,8.0,,,,,,,,,,,,,,,
129,patient,0x9fdF580c6A59f1BCbcb210221C42b722880F9AB7,0xdFb970222132f4Fc05626FDd36d1b3F660bc7Cb0,0.048482656478881836,0.0,0.0725555419921875,0.0,0.5067892074584961,44716.0,0.0,53070.0,0.0,289890.0,1.0,0.0,1.0,0.0,9.0,,,,,,,,,,,,,,,
130,patient,0xe8af22ee1838E1e6A5B7fF0B27058983Bc133cB9,0x594D08405cb4553D79C596ede84fA69cC25Bfcc1,0.04736447334289551,0.0,0.07307219505310059,0.0,0.5216686725616455,44716.0,0.0,53070.0,0.0,289890.0,1.0,0.0,1.0,0.0,9.0,,,,,,,,,,,,,,,
131,patient,0x35AE1565855951a0F41239612aF030B43707aaD0,0xF0629cBd0dce1cd1d7c369Ac42c350d4b422F124,0.05450248718261719,0.0,0.07103157043457031,0.0,0.5883419513702393,44716.0,0.0,53070.0,0.0,289890.0,1.0,0.0,1.0,0.0,9.0,,,,,,,,,,,,,,,
132,patient,0xf7adB2A6814FED2FE8C681c4Df9E9eFbA553862b,0x63c4ae9C3Ef6c6DCC70F9Dbab0A22b8016402707,0.051496267318725586,0.0,0.07045936584472656,0.0,0.5182769298553467,44704.0,0.0,53058.0,0.0,289890.0,1.0,0.0,1.0,0.0,9.0,,,,,,,,,,,,,,,
133,patient,0xbec9F8C26097d40934bFc4c20CCC47b0B9772195,0x2E8153d4fD71a30A86bE27D1ED6e536C04c6106B,0.05118203163146973,0.0,0.06794142723083496,0.0,0.5255932807922363,44716.0,0.0,53058.0,0.0,289890.0,1.0,0.0,1.0,0.0,9.0,,,,,,,,,,,,,,,
134,patient,0xeCF5bEA9C624fdf10e23791D7189cB95924cBDC7,0x8C15c8641f710C379f97EE266B518B30F72DCF4f,0.05348682403564453,0.0,0.07047796249389648,0.0,0.5007517337799072,44716.0,0.0,53058.0,0.0,289782.0,1.0,0.0,1.0,0.0,9.0,,,,,,,,,,,,,,,
135,patient,0x12ddA8f53fBc87935DDD29CD9CadF0eA4437c667,0xC67C110b5a98CC7CD87A5C20ab37AD579dA504A7,0.051503658294677734,0.0,0.06923651695251465,0.0,0.581244707107544,44704.0,0.0,53070.0,0.0,289890.0,1.0,0.0,1.0,0.0,9.0,,,,,,,,,,,,,,,
136,patient,0xB3c945F7C81cc9b50E6b2B88A3754Fb8B493d8e1,0xFb1b49FDaF7FAB0ab4FFa4785145f3c5561FAa22,0.06427669525146484,0.0,0.06744217872619629,0.0,0.473369836807251,44716.0,0.0,53070.0,0.0,257680.0,1.0,0.0,1.0,0.0,8.0,,,,,,,,,,,,,,,
137,patient,0xFdA329bA00D1396D3B2bD5632400eA758f6f6172,0x1442c53030a40f581fd6574302859beFc8FC324D,0.048502206802368164,0.0,0.06839585304260254,0.0,0.4225172996520996,44716.0,0.0,53070.0,0.0,225470.0,1.0,0.0,1.0,0.0,7.0,,,,,,,,,,,,,,,
138,patient,0x38748ed9e2b96b88e02058474c5ed8191f092802,0xC12227154DeAdf4b51626DC366d399197854BE2f,0.04930233955383301,0.0,0.06652140617370605,0.0,0.6311118602752686,44716.0,0.0,53070.0,0.0,289890.0,1.0,0.0,1.0,0.0,9.0,,,,,,,,,,,,,,,
139,patient,0x3E7c7F1Fc5e2700102689Ed049b91739dE416E84,0x457b9B3394cFE1b77885Ad0f1d44911E5fB96888,0.052500009536743164,0.0,0.07237458229064941,0.0,0.5843963623046875,44716.0,0.0,53070.0,0.0,289890.0,1.0,0.0,1.0,0.0,9.0,,,,,,,,,,,,,,,
140,patient,0xd1556bEC7Be2719900144870393B4a71B7be4a49,0x81B49a3A86faFb5c60B51F208783A908521D7857,0.05361461639404297,0.0,0.06741046905517578,0.0,0.44856858253479004,44716.0,0.0,53070.0,0.0,257680.0,1.0,0.0,1.0,0.0,8.0,,,,,,,,,,,,,,,
141,patient,0xb7106bE12665D360244755726dee9704F7aBA373,0xC8B6bd11e822dad6C68a9cB2bEeDd83E13B5D73a,0.04898834228515625,0.0,0.07269096374511719,0.0,0.54494309425354,44716.0,0.0,53070.0,0.0,289890.0,1.0,0.0,1.0,0.0,9.0,,,,,,,,,,,,,,,
142,patient,0x8dCDe6330F99573a39Bb8E7C21492EAb639D720d,0x7DDa77ca5CA288A1023577CB28817cA982aF0d88,0.049981117248535156,0.0,0.09175586700439453,0.0,0.5504634380340576,44716.0,0.0,53070.0,0.0,322100.0,1.0,0.0,1.0,0.0,10.0,,,,,,,,,,,,,,,
143,patient,0x45C27c43C724095b3A034bD1C9dDB4Ae8eE0080D,0x7c6fFFd4457ed3EE18b33127Ea5b5cAB98593EB7,0.04997706413269043,0.0,0.06760597229003906,0.0,0.4907987117767334,44716.0,0.0,53070.0,0.0,257680.0,1.0,0.0,1.0,0.0,8.0,,,,,,,,,,,,,,,
144,patient,0x3844416427f7620BEBdEd998f3F9ABa543eD5149,0xf451FceAbA872e256cb38B6A17E99088fF00bA4d,0.08718228340148926,0.0,0.0692741870880127,0.0,0.5233559608459473,44704.0,0.0,53070.0,0.0,289890.0,1.0,0.0,1.0,0.0,9.0,,,,,,,,,,,,,,,
145,patient,0xbd93e2D9a0e93FDa490eEe1F55B32691DBF7A8a5,0xE938E31727a7cB14f210dCbEfdb9AdF08293355C,0.04922223091125488,0.0,0.09321236610412598,0.0,0.4517061710357666,44716.0,0.0,53070.0,0.0,257680.0,1.0,0.0,1.0,0.0,8.0,,,,,,,,,,,,,,,
146,patient,0x34a93fc59830101DaA897af36CcCA77dEcc4031E,0x42e2cF427a3143a20c7632b02C26A3DE39037aAE,0.04809236526489258,0.0,0.07231426239013672,0.0,0.49170541763305664,44704.0,0.0,53070.0,0.0,289890.0,1.0,0.0,1.0,0.0,9.0,,,,,,,,,,,,,,,
147,patient,0x2cf02dF6Ce62F67ee7c1Cabc67A09715d386Cef3,0x431BF7F3F3e56d8185c88058c0173f1c70799258,0.04963278770446777,0.0,0.08239054679870605,0.0,0.5201034545898438,44716.0,0.0,53070.0,0.0,289890.0,1.0,0.0,1.0,0.0,9.0,,,,,,,,,,,,,,,
148,patient,0xb3eE10F68AaEF125AaA7A1858b68a7C15043548e,0x25462F0035323285709E86A1D6c439B1f21D928B,0.048825740814208984,0.0,0.06722593307495117,0.0,0.5149776935577393,44716.0,0.0,53070.0,0.0,257680.0,1.0,0.0,1.0,0.0,8.0,,,,,,,,,,,,,,,
149,patient,0x502699C13eD7FA154c5cAA24F890cC3F4395028e,0xA3006528b95CD5cD82e5d35f4666b9E11f853C5A,0.05865669250488281,0.0,0.07058119773864746,0.0,0.5244557857513428,44716.0,0.0,53058.0,0.0,289890.0,1.0,0.0,1.0,0.0,9.0,,,,,,,,,,,,,,,
150,prescriber,0x7063aecBf8bf2b6CBe1a78E9F2b597cA7dB21CB8,0x5ad8EbE9D9A9f111a06c81C75ddCA7eA64305405,,,,,,,,,,,,,,,,0.11134481430053711,0.11702585220336914,1235208.0,76110.0,1.0,2.0,,,,,,,,,
151,prescriber,0xBa5D22941fFF0a5A759DbBAC96f18baeeDCf4C79,0x2136a77FC3A209a0baDdef840Bf2BE1b90ACAad7,,,,,,,,,,,,,,,,0.38152360916137695,0.2415468692779541,3675612.0,152208.0,3.0,4.0,,,,,,,,,
152,prescriber,0xcb60DA5F8898c1d2212eabc9ac65FD617D9955e1,0x2E9Fd12bA2907A00462193ee1fDa2B400B2b5A3C,,,,,,,,,,,,,,,,0.37434816360473633,0.2581596374511719,3675612.0,152220.0,3.0,4.0,,,,,,,,,
153,prescriber,0x667aF7fdF1fA9225bf1C4A79bc52Fcf94c647D4C,0x06a8f53a64B65344fd6c7314E92B153079150583,,,,,,,,,,,,,,,,0.35413193702697754,0.18489289283752441,3675624.0,114165.0,3.0,3.0,,,,,,,,,
154,prescriber,0x0006Ee295947458137efF1c88Bd430300819387B,0x3d0D293009F654699A099cBdEF6657eAE654ed86,,,,,,,,,,,,,,,,0.22408032417297363,0.1768491268157959,2455416.0,114165.0,2.0,3.0,,,,,,,,,
155,prescriber,0xecee0600Ba8b8a263e940b145832EadC92088907,0xad29111812A33A6bA35180e7F3024d2af2C69414,,,,,,,,,,,,,,,,0.2457139492034912,0.05910158157348633,2455416.0,38055.0,2.0,1.0,,,,,,,,,
156,prescriber,0x5418b44E596d84352bA62fA0Ddc0D10C7f43a48a,0x985C28B7a39b407d15e67980E59bdc9081935102,,,,,,,,,,,,,,,,0.22342205047607422,0.12269020080566406,2455416.0,76110.0,2.0,2.0,,,,,,,,,
157,prescriber,0xCF6849df2E083788262cF8F9078EFFA0f56C908d,0x32ff2cBd81c1c7e4951e0f64A78B0Cf2634E03d9,,,,,,,,,,,,,,,,0.24729561805725098,0.05872988700866699,2455416.0,38055.0,2.0,1.0,,,,,,,,,
158,prescriber,0x387dB16Bfd66194f7ca88AbF30B38c2C9fFe44ee,0xc69f8632F67F35A1eb9afC2bEFAb9249B6Fc870e,,,,,,,,,,,,,,,,0.3638439178466797,0.29668307304382324,3675624.0,152220.0,3.0,4.0,,,,,,,,,
159,prescriber,0x32A6A1e5dA9559C1f6097eFF59091542A9c1c4d3,0x5590b626181b5F058E3ae07302bB176e5c543Ac3,,,,,,,,,,,,,,,,0.10981535911560059,0.05897116661071777,1235208.0,38043.0,1.0,1.0,,,,,,,,,
160,prescriber,0xffC4Aac4485fd621B69E04108A25e6ba8C98544a,0x64c590547034E9e23a17d876cFB1032169bE4805,,,,,,,,,,,,,,,,0.5109174251556396,0.33889174461364746,4895832.0,190275.0,4.0,5.0,,,,,,,,,
161,prescriber,0xF830663675DD97E79208ccCcCf444D8087AC036B,0x39464E53b645f94AB9072c11ee7315683b22db33,,,,,,,,,,,,,,,,0.2326810359954834,0.0,2455416.0,0.0,2.0,0.0,,,,,,,,,
162,prescriber,0xaADB9E1F69f2282b6313Cf90C9014Fb2904209BC,0xfdF62953c322eC68Ce9579862acd9c5CD5e80cc5,,,,,,,,,,,,,,,,0.25205373764038086,0.12196230888366699,2455404.0,76110.0,2.0,2.0,,,,,,,,,
163,prescriber,0xE85039b550BE6D7EDc74615391805A627D08AEa8,0xfF7DA7C59bfF3f5A681D7ddeAAeff4E6cF55338b,,,,,,,,,,,,,,,,0.2911515235900879,0.11620235443115234,2455416.0,76110.0,2.0,2.0,,,,,,,,,
164,prescriber,0x156150f17dd99C521b8f7695B7Fed3a529Aecd9f,0x0cbD95bC9B80fe36461c6763Ca97f074C8183BB2,,,,,,,,,,,,,,,,0.11137008666992188,0.07094979286193848,1235208.0,38055.0,1.0,1.0,,,,,,,,,
165,prescriber,0x109789f7d8e55E1b35D592A0DD09e50c56A9c472,0x2E92259E4081032052a09F0aa154Ac42D77FF96a,,,,,,,,,,,,,,,,0.2357618808746338,0.1213381290435791,2455416.0,76110.0,2.0,2.0,,,,,,,,,
166,prescriber,0x6E46EaA714696bFCB3C4ecA0EDF39ce7f3174bf7,0x5402877FCc02abcfBeDAC044d9a2D6c41ff13E65,,,,,,,,,,,,,,,,0.3693735599517822,0.17229366302490234,3675612.0,114153.0,3.0,3.0,,,,,,,,,
167,prescriber,0x9c4Faa4b2F566d299fa6B260B80Af053744AE89a,0xC86Ebb0789F3Ce42Ea19D2c05c56a7003979B697,,,,,,,,,,,,,,,,0.11815404891967773,0.059488773345947266,1235208.0,38055.0,1.0,1.0,,,,,,,,,
168,prescriber,0xd957d9759075b1698Af138Fca3ab722E084620Ad,0xb87c1c9B3d46098fCF00d163e7e6A61C6930b0c8,,,,,,,,,,,,,,,,0.6906867027282715,0.36006593704223633,6116040.0,228282.0,5.0,6.0,,,,,,,,,
169,prescriber,0x35A03195F40D4F88fD3b0f455A418c1Ab1798fd6,0x7D715F8F37CF0817fBdBCAAfe72406660c17B169,,,,,,,,,,,,,,,,0.36453938484191895,0.11594390869140625,3675624.0,76110.0,3.0,2.0,,,,,,,,,
170,prescriber,0xAcbf538477003e70008CD14C50BbacaCc243bA4f,0x751bd818D9e1276D1232e129CD607182fbAe04E1,,,,,,,,,,,,,,,,0.11012673377990723,0.05647635459899902,1235208.0,38055.0,1.0,1.0,,,,,,,,,
171,prescriber,0xC9A3E7f0325A16FB12bC08fBD83fd0aDAea33627,0xe51EE7d2f00139e566F8769aB839Ba44C072EB07,,,,,,,,,,,,,,,,0.11135268211364746,0.059387922286987305,1235196.0,38055.0,1.0,1.0,,,,,,,,,
172,prescriber,0xefD19C4FD1505459B7bed13d3A74b17b9050E44E,0xf9aFb9037B280347e669D7871eF92939EE084AD4,,,,,,,,,,,,,,,,0.3641059398651123,0.25933003425598145,3675600.0,152184.0,3.0,4.0,,,,,,,,,
173,prescriber,0x6971885169Eceb92bB7dda4f67Afc91EC3B8416a,0xE38abECf447eD4483b8F76a3D9663b7c1669B528,,,,,,,,,,,,,,,,0.2627248764038086,0.17407774925231934,2455416.0,114165.0,2.0,3.0,,,,,,,,,
174,prescriber,0x6fb44436C5E63E8085757cE8301490B380c0a9aD,0xf9B79d081969a03fc634a782E617aBe8106399Be,,,,,,,,,,,,,,,,0.10766005516052246,0.1146392822265625,1235208.0,76086.0,1.0,2.0,,,,,,,,,
175,prescriber,0xc8e96f8e9374223eE0C206b4aCeA4acbbeCe685e,0xC7E8Ee97dD95B46C40BdDA6AA8B9220b98249E7B,,,,,,,,,,,,,,,,0.2507178783416748,0.12061309814453125,2455416.0,76110.0,2.0,2.0,,,,,,,,,
176,prescriber,0xeaC75B95CF6Ed9C919F3ee521E59e7986cdfDFcC,0x5F031E2c1F8a1239D742a28B1E20636a5771Ca56,,,,,,,,,,,,,,,,0.5231122970581055,0.37548828125,4895820.0,228318.0,4.0,6.0,,,,,,,,,
177,prescriber,0xbe61dc6B09AbF6e94457bfBC766C237350cB6bA7,0xEE37760B35C47C1B9f0Da0F27cDD7b5e3C9bE90A,,,,,,,,,,,,,,,,0.46443653106689453,0.356229305267334,4895832.0,228330.0,4.0,6.0,,,,,,,,,
178,prescriber,0x7C6a6B86ab6413c34DF1410Cc43158E145ac1971,0xAa5241Fb9fe5c2e334ebab531B48b3c96109867B,,,,,,,,,,,,,,,,0.5884912014007568,0.18403100967407227,4895832.0,114153.0,4.0,3.0,,,,,,,,,
179,prescriber,0xb4ca5170E7a0E728661ff746101C2238B2E87E10,0x2bB889082ab7a0c6318828F6a9fA7dA98c82C413,,,,,,,,,,,,,,,,0.23099970817565918,0.06363391876220703,2455416.0,38055.0,2.0,1.0,,,,,,,,,
180,prescriber,0xb03Fd6080EaeFdbA0AA40d270b80cB02E0f22c22,0x519682A57Bc942170dd9FA909eEED993cca806c3,,,,,,,,,,,,,,,,0.11329984664916992,0.05830216407775879,1235208.0,38055.0,1.0,1.0,,,,,,,,,
181,prescriber,0xe3EF99a77e2Cd31207fBcf4F8C820a6061cC2bD9,0x416f8c133962855113f3a3aeACfC3A86aD8c1fBF,,,,,,,,,,,,,,,,0.1195988655090332,0.06036734580993652,1235208.0,38055.0,1.0,1.0,,,,,,,,,
182,prescriber,0xab5a63D575012bD79317511DB926036dF7fD8a62,0x7191cB20b23B111B05256bC53FC31e0DBfB90b0d,,,,,,,,,,,,,,,,0.5928976535797119,0.2914724349975586,6116040.0,190275.0,5.0,5.0,,,,,,,,,
183,prescriber,0x2658D10F2fF165aa87C21A37B75D74A233daF10A,0x9515af029250Ea10bb6e1d65201062504a444670,,,,,,,,,,,,,,,,0.11319375038146973,0.11762404441833496,1235208.0,76110.0,1.0,2.0,,,,,,,,,
184,prescriber,0xC09CC51b7244587aA7d3F9de4a8023a4b543f37C,0xCFDd3514E3Fca6F10A66F0B6C6f19D19FC66ec2C,,,,,,,,,,,,,,,,0.46898531913757324,0.3531606197357178,4895832.0,190275.0,4.0,5.0,,,,,,,,,
185,prescriber,0x68531C921c53832ACDa2734DC52dc67c4409D3a4,0x5E7f59Eb98CE9b168742434BA44D2D84ecf4AAED,,,,,,,,,,,,,,,,0.11702942848205566,0.14599037170410156,1235208.0,76110.0,1.0,2.0,,,,,,,,,
186,prescriber,0x3cC5D997C2ceaEEe998d93f81d3B14b23bb3b633,0x7DF66f0C2fd0422CAc3d5EA7457A87dD6b121e8b,,,,,,,,,,,,,,,,0.2390890121459961,0.12484955787658691,2455404.0,76110.0,2.0,2.0,,,,,,,,,
187,prescriber,0x3F55FE1F18a99E8919f3f0E92dB2090F4d065D9d,0x904a6D238A7134ab3760365e8C0Da5a5883B7630,,,,,,,,,,,,,,,,0.0,0.0,0.0,0.0,0.0,0.0,,,,,,,,,
188,prescriber,0x86349F826BF9219707f56EC2C0A754038fEc1770,0x7d2946d909D6cA2aB02a7EBb7a705c9Cf1dcEAab,,,,,,,,,,,,,,,,0.11965250968933105,0.05635547637939453,1235208.0,38055.0,1.0,1.0,,,,,,,,,
189,prescriber,0x8374dB3EA419CF4011584485E0C308f0629e453B,0x6508854Dce7931dd1464261eA4b717F33aF57d10,,,,,,,,,,,,,,,,0.0,0.0,0.0,0.0,0.0,0.0,,,,,,,,,
190,prescriber,0x97b11770dC73810e745036Fc270FD804c7d7a6A0,0xa079Bd9D56EcC377EbF409A54c5A651c1F73B146,,,,,,,,,,,,,,,,0.0,0.0,0.0,0.0,0.0,0.0,,,,,,,,,
191,prescriber,0x82138270b4bc48a1757362D1E18A2C00D3fD765e,0x82873C34E261b85493C75Ead3699512839d197Ab,,,,,,,,,,,,,,,,0.23963212966918945,0.23219871520996094,2455416.0,152220.0,2.0,4.0,,,,,,,,,
192,prescriber,0x6e8810a6d1D8AfCEBf0EcE599E5c8B1a863Bd3Be,0x1C9e500FB7a67551B0B1C7Cb14b324156703e33c,,,,,,,,,,,,,,,,0.1209876537322998,0.0592951774597168,1235208.0,38055.0,1.0,1.0,,,,,,,,,
193,prescriber,0x6041F1Cf6F35F2C9cd49b7a482Dc32D0923161dd,0xC7238185B89e5908E3a94b93e9194f81056beC3C,,,,,,,,,,,,,,,,0.3368077278137207,0.21554994583129883,3675624.0,114165.0,3.0,3.0,,,,,,,,,
194,prescriber,0xcc827201CBd55C5Ef2cFeb39adfc72ddc6dedF0D,0x772F6444d9598133Bac63FaE15BD2de26FF527CC,,,,,,,,,,,,,,,,0.23055791854858398,0.11544156074523926,2455416.0,76110.0,2.0,2.0,,,,,,,,,
195,prescriber,0xCF8C30cDbB57c7E613563792B0951B20c39aC689,0x2b3633e6cbC689E1f13A3a5a9062B68a175659D1,,,,,,,,,,,,,,,,0.11165094375610352,0.0662374496459961,1235208.0,38055.0,1.0,1.0,,,,,,,,,
196,prescriber,0xB6D8c8Fe5D70A92EEDAD563596983526A5E45A14,0x16A01b9d953e6aFA57a5D5969dab370CDA2ec7Af,,,,,,,,,,,,,,,,0.46456217765808105,0.28807997703552246,4895832.0,190275.0,4.0,5.0,,,,,,,,,
197,prescriber,0x71EF538424B47FC43DcF0BA6088680B95928251e,0x0bc28214f1E03C534fb58E6889F80a6f4393b726,,,,,,,,,,,,,,,,0.12979578971862793,0.09494733810424805,1235196.0,38055.0,1.0,1.0,,,,,,,,,
198,prescriber,0x463C23332D29d0D800E85A81460B277E58ab0Ecc,0xD9878e3D5ba11c6fD16518a9cF7eBD667BD7B75F,,,,,,,,,,,,,,,,0.11368942260742188,0.10248446464538574,1235208.0,38055.0,1.0,1.0,,,,,,,,,
199,prescriber,0x2CF410234Ad3F12f4F67E8bf9F17245e2Dbb532E,0xCce588C8685d7e1771D4E671Aa47DDF9eB7050Aa,,,,,,,,,,,,,,,,0.22367596626281738,0.20816969871520996,2455416.0,114141.0,2.0,3.0,,,,,,,,,
200,prescriber,0xBc3623841D1977a24d32B80e25Cce92Ce9803dc1,0xB888Df006f216b8df5F0ec55b131B188218Fd09c,,,,,,,,,,,,,,,,0.2359626293182373,0.11755967140197754,2455404.0,76110.0,2.0,2.0,,,,,,,,,
201,prescriber,0x0A63327B2c91FD3820F4C53D0C07fC4a29C9F4cf,0x97670f38b8bC38E826bb3a352F5A5FfE2c2617FC,,,,,,,,,,,,,,,,0.10958743095397949,0.05850958824157715,1235208.0,38055.0,1.0,1.0,,,,,,,,,
202,prescriber,0x67C63eF5dAeE7e58bE80BD3123117c0359Ff33f7,0x0a469D39240E873d082b0A2aC856691fE1440a87,,,,,,,,,,,,,,,,0.3784027099609375,0.20465898513793945,3675624.0,114165.0,3.0,3.0,,,,,,,,,
203,prescriber,0xd3FAC0B9C6d55Bc1bEBA2023400d263aA68752C1,0xd4f7faef9a09c70a338110108140B9E59c749d64,,,,,,,,,,,,,,,,0.4452831745147705,0.2415943145751953,3675624.0,152220.0,3.0,4.0,,,,,,,,,
204,prescriber,0x744c2d29AA275CdF6654ec8401e9818d4E5D1314,0x177188FfdaC754A2d56913907B7693B633C0c4a9,,,,,,,,,,,,,,,,0.2490861415863037,0.2365715503692627,2455416.0,152220.0,2.0,4.0,,,,,,,,,
205,prescriber,0x9729936832De6cb75B21D2388633f5E557d630EA,0x18Bc572AeAF4235F28567f797294b7A404158F7d,,,,,,,,,,,,,,,,0.1169133186340332,0.05959916114807129,1235208.0,38055.0,1.0,1.0,,,,,,,,,
206,prescriber,0xebD501e2Da71fd04dc40d5fa7C67d44Fe5989046,0xE50c453179b55CDC03FBdaA08909275364337265,,,,,,,,,,,,,,,,0.23089885711669922,0.11712884902954102,2455416.0,76110.0,2.0,2.0,,,,,,,,,
207,prescriber,0xd63c3B719fA9C9C99A0d11Da025bb09AB99AE8F3,0xd7eA1f35F4179b8A62F1bcdf970A2b24BD962CBC,,,,,,,,,,,,,,,,0.45824360847473145,0.35832953453063965,4895832.0,228330.0,4.0,6.0,,,,,,,,,
208,prescriber,0x8666EDD1A895fE365c22E832DFfC3e14F53E3c16,0xfCf544158FD7AFBeD262Eeb4dd4648b93005A88b,,,,,,,,,,,,,,,,0.3440251350402832,0.29205799102783203,3675624.0,190275.0,3.0,5.0,,,,,,,,,
209,prescriber,0xC1DaEd576263d260aD9F92B901a578298f8c729b,0xf11e692770C8299eea791D72b8690e4626C2cAc8,,,,,,,,,,,,,,,,0.11139321327209473,0.11814045906066895,1235208.0,76110.0,1.0,2.0,,,,,,,,,
210,prescriber,0x3C635403510edFdb21A3Ed680E775642A1fDCDF8,0x2E07442199E854C6594c8d33CDBd39aFB65CBBbD,,,,,,,,,,,,,,,,0.11321759223937988,0.05800175666809082,1235208.0,38055.0,1.0,1.0,,,,,,,,,
211,prescriber,0x1597Ab4789e9fFbC019357C0302a1a977B2383E4,0x2e92c01c4c5D2fe6556Ca7397dc0e379AC46a756,,,,,,,,,,,,,,,,0.22676396369934082,0.11671280860900879,2455404.0,76110.0,2.0,2.0,,,,,,,,,
212,prescriber,0x312371DC5DdDb85E3c400BA7865407FE0553247F,0xDf9A365025E4633676b81fFe74933f49EF479aDD,,,,,,,,,,,,,,,,0.0,0.0,0.0,0.0,0.0,0.0,,,,,,,,,
213,prescriber,0xEF495c521BaADeaA6286BDc8d96791Eb15021c7f,0x668280859ce3a3d19CE511a26Fb78f88d10A26F5,,,,,,,,,,,,,,,,0.23019742965698242,0.2306983470916748,2455416.0,114141.0,2.0,3.0,,,,,,,,,
214,prescriber,0x620cf39636199996A616BB399Ca99edA5e999B7e,0x018B52ebF0E2B0FC46Da3003c40669E3B0ec9a10,,,,,,,,,,,,,,,,0.347320556640625,0.1284313201904297,3675612.0,76110.0,3.0,2.0,,,,,,,,,
215,prescriber,0xd7ef61973B105aF01996D96e89F575fbFfC8A255,0x8D2E53bbb2268b02F96d1E93fDEEa7541068A71e,,,,,,,,,,,,,,,,0.23752379417419434,0.11682271957397461,2455416.0,76110.0,2.0,2.0,,,,,,,,,
216,prescriber,0xc5403A276C3e663f18CF9821868fc56A0730E7e7,0x2ac12765FBA548B8Ae6C4B912dF4bb9009853315,,,,,,,,,,,,,,,,0.24313139915466309,0.17641544342041016,2455416.0,114165.0,2.0,3.0,,,,,,,,,
217,prescriber,0xC304dcc28C2c13f511226c866530a26401c469D5,0x19ab1627a5710991d6672113D8fD6136b3e607AB,,,,,,,,,,,,,,,,0.0,0.0,0.0,0.0,0.0,0.0,,,,,,,,,
218,prescriber,0x467E962e3F78425b5a185f1191DB9D2d4472F987,0x34364E70BF3A1Abc9529DBE576BC03087ba5B5F5,,,,,,,,,,,,,,,,0.0,0.0,0.0,0.0,0.0,0.0,,,,,,,,,
219,prescriber,0xb50F9657a8a992070b023b6DF326eF92BfB5F373,0xFf8D6A1C86Bb135A0454Fd02e5b59c16A1D0d745,,,,,,,,,,,,,,,,0.36112070083618164,0.22980761528015137,3675624.0,114165.0,3.0,3.0,,,,,,,,,
220,prescriber,0x66400D1138304Da01Ff8BC083d9D358B27649D0D,0x86705B7639884238c7E5C1c2d2bB832a112C0196,,,,,,,,,,,,,,,,0.24263906478881836,0.11678934097290039,2455416.0,76098.0,2.0,2.0,,,,,,,,,
221,prescriber,0x4481410Bb1a10cf0C106aE6798c4E0a2EFFaA8c7,0x69AcD32B573Ee5EbdB0D4A401ce31c8703B8D4e6,,,,,,,,,,,,,,,,0.12990498542785645,0.05977630615234375,1235208.0,38055.0,1.0,1.0,,,,,,,,,
222,prescriber,0xE1260ed9538E736B5a43534F77b1F02A55a1572C,0xFabb0cFE5fb3Bae15D7BD4315491256349E59f3C,,,,,,,,,,,,,,,,0.48836684226989746,0.2400970458984375,4895832.0,152220.0,4.0,4.0,,,,,,,,,
223,prescriber,0xE5F8c6FcC7a4002a7D75a92674217918e4fB15Ed,0xdAec257bac74e5Fb750093a631d570aAf833b9aB,,,,,,,,,,,,,,,,0.1147768497467041,0.06681323051452637,1235208.0,38055.0,1.0,1.0,,,,,,,,,
224,prescriber,0xAABDF9904cF3Fee382796F1495c59Bf2C143478e,0x81A16C88aF79aCbBe3b1d34da8301c38E303AB15,,,,,,,,,,,,,,,,0.1325092315673828,0.05649423599243164,1235208.0,38055.0,1.0,1.0,,,,,,,,,
225,pharmacy,0x248C8220D35f33b62EF6E26d1876d3B2848eB4b1,0x3E6aD54BF213c9794929904a4297aBc31C736749,,,,,,,,,,,,,,,,,,,,,,0.48252296447753906,3.2549469470977783,0.524695634841919,588132.0,2043468.0,290781.0,6.0,51.0,9.0
226,pharmacy,0x65602B1620b54c8f3eA0429b7C16894F03678071,0xBbEd069E96CE217fCED39159e83b02f0D158b62b,,,,,,,,,,,,,,,,,,,,,,0.2799856662750244,2.2585654258728027,0.36823415756225586,397088.0,1362312.0,193854.0,4.0,34.0,6.0
227,pharmacy,0x4eE5b58E7A142E42550eB3Ed7b90c26f61e1E393,0x519902b8f81053C0D2411e2ABf352C36beB6a0c9,,,,,,,,,,,,,,,,,,,,,,0.45351076126098633,4.031789779663086,0.4535858631134033,683654.0,2484216.0,258472.0,7.0,62.0,8.0
228,pharmacy,0x582c05cF9E9Bff9bdD5B1043B5D50F8e637c3E6f,0xd2A1ee9F611352E1786FC34531c21Dc6E1a99cDb,,,,,,,,,,,,,,,,,,,,,,0.2669224739074707,2.3986451625823975,0.2082352638244629,397088.0,1442448.0,129236.0,4.0,36.0,4.0
229,pharmacy,0x219DE988a277400249CbBa2adB73F5D1C17A83ec,0x4903B59639fD332fDA36e5656A6732D842fb361F,,,,,,,,,,,,,,,,,,,,,,0.7045927047729492,5.814383506774902,0.7682597637176514,970196.0,3485712.0,419981.0,10.0,87.0,13.0
230,pharmacy,0xEEc7510AeE1eb7b931b6548A7d3E5fF2B4900Eaf,0x432B76EA31980E22A057eBe9d152540A42ee8879,,,,,,,,,,,,,,,,,,,,,,0.2134084701538086,1.4807119369506836,0.4329245090484619,301554.0,881400.0,258448.0,3.0,22.0,8.0
231,pharmacy,0x14f1b2f568D52a7C06c7a417ec4361dB14aBF557,0xBaaFaa34b525e2B8e0b4fAF465DC2F30351A4cE3,,,,,,,,,,,,,,,,,,,,,,0.23398900032043457,1.7054412364959717,0.1606740951538086,301566.0,1081836.0,96927.0,3.0,27.0,3.0
232,pharmacy,0x3d5bD516ce784d75974f46003Bd0B14D38180dbA,0x484d064f2bFd6e4f583cd260c8f6883428aFBE43,,,,,,,,,,,,,,,,,,,,,,0.4060215950012207,3.396214723587036,0.38076043128967285,588132.0,2123604.0,226163.0,6.0,53.0,7.0
233,pharmacy,0x9b4b72f4059531dF2e587606CC281337cd3cB96D,0x7c6872531D7C1670c3dB5b49b2cc49d39324E2c1,,,,,,,,,,,,,,,,,,,,,,0.27463459968566895,2.093636989593506,0.4682016372680664,397088.0,1282176.0,258472.0,4.0,32.0,8.0
234,pharmacy,0x0882A236da90211D0FDabA2e0348716eBA7a46C8,0x5712Bed9D81A8280652c7f6c7f908b72B260D3F1,,,,,,,,,,,,,,,,,,,,,,0.27420663833618164,2.053116798400879,0.3954806327819824,397088.0,1322244.0,226163.0,4.0,33.0,7.0
235,pharmacy,0x0C1471bDff29ec7B5F5639D013F1Ecd981F1210c,0xdD03251647033B0309619cC25A0C3947D1492dc9,,,,,,,,,,,,,,,,,,,,,,0.2701120376586914,2.1193838119506836,0.3365466594696045,397088.0,1362312.0,193854.0,4.0,34.0,6.0
236,pharmacy,0x015ecDAb97d2Ac2eA5c07A77290d66e6f42F4862,0x2A382B8C9585baF815fD8A202B92D4A95Ae08d99,,,,,,,,,,,,,,,,,,,,,,0.6148514747619629,5.096545696258545,0.6421911716461182,874686.0,3165264.0,355387.0,9.0,79.0,11.0
237,pharmacy,0xe166E713c51698b6631878D805576bDedf69c897,0x78bEf2C09791C6A03BF5A4A81d41901AA694F11d,,,,,,,,,,,,,,,,,,,,,,0.19958782196044922,1.7419888973236084,0.18003368377685547,301566.0,1081836.0,96927.0,3.0,27.0,3.0
238,pharmacy,0xd8Cd1C786565d1cB76A955F4043cA04c1F8cFbAa,0xC511A29c93fF2e9f058A9ee9B780C3a2f31Ce502,,,,,,,,,,,,,,,,,,,,,,0.32339048385620117,2.685688018798828,0.41124749183654785,492610.0,1722924.0,226163.0,5.0,43.0,7.0
239,pharmacy,0x2245f02fB31fC0A51e1b2e50dE19a4D9ba5cc655,0x07d86459Ccf21a46e5604d691b5b54Ec0b08F1BA,,,,,,,,,,,,,,,,,,,,,,0.12885499000549316,1.2382862567901611,0.1352388858795166,206044.0,721224.0,64618.0,2.0,18.0,2.0
240,pharmacy,0x1eBCb9C6255Cc5323bC276600b90F94aB451B2bc,0xca85b7557608Faf8d5f81093170994dD40edea04,,,,,,,,,,,,,,,,,,,,,,0.45049333572387695,3.463165521621704,0.46837663650512695,588120.0,2083428.0,258460.0,6.0,52.0,8.0
241,pharmacy,0x55D7B00C27c2EAe8c7292C97eFb206D12B0fC85e,0x4F0Fd4cC9a5C0F3b0EE4c01D98dee763ec915e4f,,,,,,,,,,,,,,,,,,,,,,0.5601832866668701,4.3968799114227295,0.6616268157958984,779176.0,2724624.0,387708.0,8.0,68.0,12.0
242,pharmacy,0xed45750743E6D42De0a3072B04749EB5c711D8C5,0xE216572C6bE4f7aBf25Dd6C99C4Da17748A54f47,,,,,,,,,,,,,,,,,,,,,,0.6172878742218018,5.003442049026489,0.6563708782196045,874698.0,3205440.0,323090.0,9.0,80.0,10.0
243,pharmacy,0x4CE679535Be04e23C7783Dd51219d6DE148c0Bef,0x3151B82cBa7661D44AB6cC5b0d7363d323B11bfD,,,,,,,,,,,,,,,,,,,,,,0.612415075302124,4.932523965835571,0.6803832054138184,874650.0,3164964.0,355327.0,9.0,79.0,11.0
244,pharmacy,0x71F63a2e9f7380f6A29766FC858F8599dDE81BfD,0x2A68d80FDd7389b074Ad275bF7bA74e4ee94E57B,,,,,,,,,,,,,,,,,,,,,,0.40841174125671387,3.465757131576538,0.406080961227417,588132.0,2123604.0,226163.0,6.0,53.0,7.0
245,pharmacy,0xAb2D05DFA15Fa08D9D0605998B14d53C91A24e20,0xbA073630e100A3717c06C25C1C26fE82e73DCe1f,,,,,,,,,,,,,,,,,,,,,,0.5979082584381104,4.465560674667358,0.5840952396392822,779164.0,2804652.0,323078.0,8.0,70.0,10.0
246,pharmacy,0x734320B6821CC95519dC276DFC1e2d380e8023d8,0x7489Dba2F1956546bD12AC2532b702fAFE424CfC,,,,,,,,,,,,,,,,,,,,,,0.5269544124603271,4.377523422241211,0.6358428001403809,779176.0,2764692.0,355399.0,8.0,69.0,11.0
247,pharmacy,0x0ebE505053d6ff0ec71bf2DAe93c7deF54803373,0xB30FA5acebC70b55e5832aD03d62c8b7Ed89a8cA,,,,,,,,,,,,,,,,,,,,,,0.5284419059753418,3.77561616897583,0.5483071804046631,683642.0,2403972.0,323078.0,7.0,60.0,10.0
248,pharmacy,0x1A978845A4A3516DBC9C2965f1A9740Adf860E8B,0xC076d13032C84309A244E948C49F6110537F7199,,,,,,,,,,,,,,,,,,,,,,0.40959644317626953,3.1715874671936035,0.5851345062255859,588132.0,2003400.0,323090.0,6.0,50.0,10.0
249,pharmacy,0xDFc3711D9147eACc52F67825264204BE0b677fdA,0x3E3e42Ecb31C30DE794BA5c6f65FEF46342Da19b,,,,,,,,,,,,,,,,,,,,,,0.657590389251709,5.013692617416382,0.871060848236084,874662.0,3125028.0,387624.0,9.0,78.0,12.0
